code,depicts_dates,design,status,source_type,url,licence,note
AK,,,superseded,,https://raw.githubusercontent.com/jonkeegan/us-license-plates/main/plates/AK/blue-n-gold.png,none stated,"WITHDRAWN. It was pasted across all three of Alaska's current rows, including the August 2024 fireweed-and-Denali plate, which looks nothing like it. The January 2023 row now resolves from the article; the fireweed row is an open gap."
AL,January 3 2022 - present,Sweet Home Alabama,resolved,state agency,https://www.revenue.alabama.gov/wp-content/uploads/2022/04/2022-passenger-sample-image-scaled.jpg,none stated,"LOOKED AT, against the row: black screened serial, sunrise beach graphic, ALABAMA in blue at top, www.alabama.travel at bottom. Matches."
AR,,,superseded,,,,"No longer needed. Wikipedia spans one Design cell across the March 2006 and April 2021 rows, so the April 2021 plate is the 2006 design, and the article's own photograph covers it."
AZ,February 2021 – present,CWX9081,resolved,wikimedia,https://commons.wikimedia.org/wiki/File:CWX9081.jpg,CC0,"LOOKED AT, against the row: flat screened near-black serial with no separator, saguaro left of the serial, purple Four Peaks and white setting sun, GRAND CANYON STATE bottom right in the condensed face. Matches. Wikipedia spans one Design cell (rowspan=3) across January 2008, April 2020 and February 2021, so those three rows are one design and differ only in serial format — this photograph is the current plate. Corroborated by the serials: CWX9081 falls inside the 2008 row's own stated range AAA0001 to approximately CWX9999. Replaces the rejected 4160x1920 shot of the back of a Ford Expedition, and displaces the 1996 embossed plate the scraper had borrowed for this design under the 'as above, but...' rule, which is a different plate: embossed dark green serial with a dot separator."
CA,,,superseded,,https://www.dmv.ca.gov/portal/uploads/2020/02/pass-3.gif,none stated,"WRONG, AND WITHDRAWN. This 154x78 DMV gif is the 1982-1987 sunset plate. It was merged onto California's 2026 row, which is a serial-format change inside a Design cell spanning back to 1993 — the same plate as 2011, which the article does photograph."
ID,December 2020 - present,Famous Potatoes,resolved,keegan repo copy,https://raw.githubusercontent.com/jonkeegan/us-license-plates/main/plates/ID/ID-plates_image-040.jpg,none stated,"LOOKED AT, against the row: screened black serial and a full white border, on the mountain-and-potato base this row descends from. Matches."
IL,,,superseded,,https://raw.githubusercontent.com/jonkeegan/us-license-plates/main/plates/IL/passengervanity.gif,none stated,WITHDRAWN — a vanity-plate sample. The article's own 2017 photograph covers the current row.
IN,2017,Crossroads,resolved,keegan repo copy,https://raw.githubusercontent.com/jonkeegan/us-license-plates/main/plates/IN/plate-placeholder.jpg,none stated,"LOOKED AT, against the row: dark blue serial on a country scene with a covered bridge, corner markings clockwise from top left. Matches."
KS,"August 19, 2024 - Present",KS-2024-standard,resolved,state agency,https://www.ksrevenue.gov/img/newplate.png,none stated,"LOOKED AT, against the row: blue-to-white-to-gold vertical gradient, dark grey rounded state-shaped border, Statehouse dome with the Ad Astra archer at bottom left, state outline top right, KANSAS in dark grey at top, ""to the stars"" in script at the bottom, seven black screened characters. Matches every clause. This is the ""To the Stars"" design Kansans voted for in December 2023. Replaces the rejected Keegan image, which was the AD ASTRA PER ASPERA seal base it succeeded. Saved locally: the agency serves it from a bare img/ path."
KY,August 2021 - present,Unbridled Spirit,resolved,wikimedia commons,https://commons.wikimedia.org/wiki/File:Kentucky_License_Plate_2021.jpg,CC0,"LOOKED AT, against the row: flat dark blue serial, white-to-light-blue gradient, state icon at left, BLUEGRASS STATE above. Matches. Bound to this row only — Kentucky's other current row, September 2020, is the base before it."
MO,,,superseded,,https://raw.githubusercontent.com/jonkeegan/us-license-plates/main/plates/MO/standard.gif,none stated,"WITHDRAWN as redundant, not as wrong. Keegan's image is the MISSOURI BICENTENNIAL 1821-2021 legend on the red-waves base, and Wikipedia illustrates the same base with a bicentennial plate too. The November 2024 row shares a Design cell with October 2018, so the article's picture covers it. Missouri's real fault was elsewhere: the old parser read its Slogan column as the description, so the card said 'SHOW-ME STATE centered at top'."
NC,July 1 2015 - present,First in Freedom,resolved,wikimedia commons,https://commons.wikimedia.org/wiki/File:2018_North_Carolina_license_plate_PFT-7753.jpg,CC BY-SA 4.0,"LOOKED AT, against the row: FIRST IN FREEDOM, serial PFT-7753, inside the PAA-1001 range this row issues. Matches. NOT the July 2019 row, which is the IN GOD WE TRUST flag design."
NE,January 2023 - present,Genius of Creative Energy (2023),resolved,state agency PDF,https://dmv.nebraska.gov/sites/dmv.nebraska.gov/files/doc/dvr/plates/2023_Series_Plates.pdf,none stated,"LOOKED AT, against the row: Genius of Creative Energy mosaic, dark blue on white, dated 2023. Matches. Extract with: pdfimages -png -f 1 -l 1 <pdf> out  (image 0, 440x220)"
NH,,,superseded,,https://raw.githubusercontent.com/jonkeegan/us-license-plates/main/plates/NH/NH-plates_image-025.jpg,none stated,"WITHDRAWN — washed out, and redundant: the article photographs the January 1999 Old Man of the Mountain base. New Hampshire's other 'current' rows are veteran, National Guard and state-parks plates that sit inside the passenger section."
NU,,,preceding,,,,The August 2025 polar-bear plate is unphotographed; the July 2012 rectangular design is what is on Nunavut vehicles. Commons has no category at all. Reviewed and accepted.
NV,,,superseded,,https://dmv.nv.gov/img/plates/hmn.png,none stated,WITHDRAWN — the article covers the March 2024 row.
PR,,,preceding,,,,"The March 2023 fort design is unphotographed; the December 2007 fort design it replaced is still on the road. The article calls the new one 'similar to the 1986 series', so this is close but not the same plate — the card says which design it shows."
SC,January 2026 – present,SC-2026-standard,resolved,state agency,https://dmv.sc.gov/sites/scdmv/files/inline-images/RP4%20Plate.png,none stated,"LOOKED AT: white plate, thin blue rule at the top and a red one under the slogan, a patriot planting the blue Moultrie LIBERTY flag in a panel left of the serial, ""Where the Revolutionary War Was Won"" across the top and ""South Carolina"" across the bottom, both in a serif face. The article gives this row NO design description at all, so the check is against the SC250 Commission's published design rather than against the row's own words — weaker evidence than the others here. CAVEAT: this is SCDMV production artwork, not a photograph; the original carries a barcode, cyan cut marks and an ""Option 3"" label, and was cropped to the plate edge before saving. The sticker box and bolt-hole circles are still in it. Replaces the rejected IN GOD WE TRUST base."
UT,,,superseded,,https://commons.wikimedia.org/wiki/File:Utah_%22Life_Elevated%22_2025_plate.png,CC BY 4.0,"WITHDRAWN — Utah's three January 2025 rows each say 'as above, but with flat print', and each resolves to its own predecessor's photograph."
WY,January 1988 – December 1992,"Wyoming license plate, 1988-1992",resolved,wikimedia,"https://commons.wikimedia.org/wiki/File:Wyoming license plate, 1988-1992.png",Public domain,"LOOKED AT, against the row: embossed red serial and red Bucking Horse and Rider, white cloud-covered mountains on blue sky, ""Wyoming"" in dark blue top right. Matches, including the slogan column — ""1890 Centennial 1990"" is on the bottom, which the article gives as this row's slogan, so it is the general issue and not a commemorative option. Uploaded by the State of Wyoming, public domain. Not linked from the article, which is why the row had no picture."
WY,June 2024 – present,WY-2025-standard,resolved,county government,https://www.conversecountywy.gov/ImageRepository/Document?documentId=5298,none stated,"LOOKED AT, against the row: white screened serial and Bucking Horse and Rider on navy blue, grey state seal and bison motif behind, red and white border, WYOMING outlined in white at top, TRAVELWYOMING.COM and ""That's WY"" at bottom. Matches. Replaces the rejected WYDOT 2017 SAMPLE.jpg, which was the 2016-2024 design. Saved to research/images/ because the URL is a CMS document id. The county page calls it the 2025 series; the article dates the row June 2024."
YT,,,unresolved,,,,"Checked: yukon.ca, Commons category (0 files), Commons full-text, web search. The 1990 design is still current and nothing free exists. Its predecessor is the 1985 black-on-gold plate, visibly different, so no preceding-design fallback either."
