code,key,note,codes,rows,caption,base,serial_colour,finish,typeface,top_legend,bottom_legend,graphics,separator,border,confidence,caveat,image_path
AB,4e55ab81e5e0,,AB,AB 2023–present,"The modern security-sheeting Alberta plate, and the first of the family where the serial is printed flat rather than raised. Each red character carries a soft white halo that lifts it off the base, and holding the plate to the light reveals a wavy security thread and ghosted wordmarks woven into the sheeting itself. The wordmark is a refined blue script closed by a small flag device.",reflective white with an embedded security pattern — ghosted wordmarks and a serpentine thread,red with a white outline,screened,condensed sans with rounded outer corners and a straight-tailed 6,Alberta,Wild Rose Country,"red and white wild rose with bud and leaves, upper right; small blue flag device closing the wordmark",small red dash,none,high,,research/images/primary/AB.jpg
AK,35df0d601fed,,AK,"AK January 1, 2010 – December 2022 ; AK January 2023 – present","A saturated gold plate carrying Alaska's long-standing state flag graphic: the Big Dipper and North Star in navy, set into a small flag device between the serial groups. ""ALASKA"" runs across the top in tall embossed capitals, and the slogan ""THE LAST FRONTIER"" closes the bottom in the same navy.",flat saturated gold,navy,embossed,"tall, evenly-weighted serif capitals with sharp terminals",ALASKA,THE LAST FRONTIER,"small navy flag device with the Big Dipper and North Star, between the serial groups",the flag device itself,none,high,,research/images/primary/AK.jpg
AL,27bf8f9548a2,,AL,"AL January 3, 2022 – present","A full-bleed coastal sunset scene: warm gold sky fading into a pink-tinted beach, a gull silhouette at top left, and a lighthouse with sea oats along the shoreline at bottom right. ""ALABAMA"" sits in serif capitals across the top beside a blue sticker box marked ""PLACE DECAL HERE"", and ""www.alabama.travel"" runs along the water's edge in blue at the bottom.",full-bleed photographic sunset scene — gold sky over a blue shoreline,black,screened,bold slab-serif with flat terminals,ALABAMA,www.alabama.travel,gull silhouette upper left; lighthouse and sea oats along the shoreline lower right; small 'Heart of Dixie' badge lower right corner; small circular 'AL' watermark left of centre,none,none,high,"All-zero sample serial with a black rectangle behind it, so the true serial colour and finish against the busy background can't be fully confirmed.",research/images/primary/AL.jpg
AR,3597f77f448c,,AR,AR March 2006 – April2021 ; AR April 2021 – present,"A pale, softly gradient plate running from blue at the top to near-white lower down, with a faint diamond watermark ghosted into the centre. ""Arkansas"" is rendered in a bold red script across the top, and the slogan ""The Natural State"" closes the bottom in the same red. The embossed black serial has a subtle white halo where the shadow separates it from the sheeting.","pale gradient, blue fading to near-white top to bottom, with a faint diamond watermark",black,embossed,bold sans with flat terminals and a rounded 8,Arkansas,The Natural State,faint diamond watermark ghosted into the centre background,none,none,high,,research/images/primary/AR.jpg
AZ,92a34279d920,"Wikipedia spans one Design cell across January 2008, April 2020 and February 2021, so all three are one design differing only in serial format; this photo's serial sits inside the 2008 row's own stated range. Was the 1996 embossed plate, which the scraper had borrowed for this design under the 'as above, but...' rule and which is visibly a different plate",AZ,AZ February 2021 – present,"A desert sunset stretched across the whole plate: turquoise sky at the top fading through white to orange along the bottom, with purple Four Peaks silhouetted low and a white sun setting behind them. A tall purple saguaro stands at the far left, and smaller cacti dot the ridgeline. ""ARIZONA"" is screened in turquoise across the top and ""GRAND CANYON STATE"" sits in a narrow face at the bottom right; the serial is printed flat rather than raised, with a faint security thread running down the middle of the plate.",reflective graphic desert sunset — turquoise at the top fading through white to orange and gold at the bottom,near-black,screened,"tall, narrow sans-serif capitals and figures with flat terminals and open counters, printed flat with no highlight along the strokes",ARIZONA,GRAND CANYON STATE,"tall purple saguaro cactus at the far left, purple Four Peaks mountain silhouette along the bottom with a white setting sun behind them, small cacti scattered along the ridgeline, faint vertical security thread down the centre",,none,high,,research/images/primary/AZ.jpg
BC,6afd136a34c3,,BC,BC August 2025 –present,"The current British Columbia plate on a faintly speckled off-white sheeting rather than a flat white, with the province's small Union Jack-and-sunburst flag still dividing the serial. ""Beautiful British Columbia"" runs across the top in pale blue script, and the embossed navy serial is set in a slightly more condensed face than earlier issues.",off-white with a fine speckled texture,navy,embossed,condensed sans with rounded shoulders and a narrow 3,Beautiful British Columbia,,"small flag device with a Union Jack and rising sun, between the serial groups",the flag device itself,none,high,,research/images/primary/BC.jpg
CA,b4cfc33079fc,,CA,CA 2011 ; CA 2026,"The modern white California plate, ""California"" still in the familiar red cursive but now paired with a red ""dmv.ca.gov"" web address along the bottom instead of a slogan. The embossed navy serial sits between a blue ""FEB"" month sticker and an orange year decal at the top corners.",flat reflective white,navy,embossed,"tall sans with flat terminals and a narrow, closed 7",California,dmv.ca.gov,,none,none,high,,research/images/primary/CA.jpg
CO,cf72f5c92701,,CO,CO mid2018 – present,"The current Colorado plate, back to a plain rectangle with a dark green mountain silhouette printed across the top rather than cut into the edge. Reflective white sheeting carries a faint snow texture across the peaks, the embossed serial is dark green split by a small square dot, and ""COLORADO"" closes the bottom in the same plain block capitals the design has used for decades.",white with a dark green mountain-ridge band printed across the top,dark green,embossed,bold sans with flat terminals and a fully closed 8,,COLORADO,mountain ridge silhouette with fine snow and rock-shadow detail across the top,small embossed square dot,none; rounded rectangle,high,,research/images/primary/CO.jpg
CT,e1a3df2e53a0,,CT,CT August 2015 – present,"The current Connecticut plate, its sky-to-white gradient and small navy state outline unchanged from the design's earlier issues. ""Connecticut"" runs across the top in navy serif, the embossed serial sits centred, and ""Constitution State"" closes the bottom in the same lettering.",vertical gradient — sky blue at top fading to near-white at the bottom,navy,embossed,"tall serif capitals with a distinctly hooked, open 6",Connecticut,Constitution State,"small navy silhouette of the state outline, upper left",embossed dot,thin navy keyline,high,,research/images/primary/CT.jpg
DC,007771e083f1,,DC,DC August2017 – present,"A white DC plate carrying the city's protest slogan boldly across the bottom: ""END TAXATION WITHOUT REPRESENTATION"" in navy capitals beneath a thin red rule. ""WASHINGTON, DC"" sits in bold sans across the top with matching red rules above and below it, and the serial is split by the DC flag's three red stars over two red bars.",flat reflective white,navy,embossed,bold condensed sans capitals with flat terminals,"WASHINGTON, DC",END TAXATION WITHOUT REPRESENTATION,DC flag device — three red stars over two red bars — dividing the serial; thin red horizontal rules above and below the top legend; small 'SEE WINDOW STICKER' boxes at both top corners,the DC flag device itself,none,high,,research/images/primary/DC.jpg
DE,1f4436b23318,,DE,DE 1969,"A deep navy Delaware plate framed by a wide gold border, with ""THE FIRST STATE"" in gold capitals across the top and ""DELAWARE"" in bold gold letters along the bottom. The embossed serial runs in matching gold, and a small gold sticker box is built into the lower right corner.",flat navy,gold,embossed,bold narrow sans with flat terminals,THE FIRST STATE,DELAWARE,gold sticker box in the lower right corner marked 'PLACE STICKER HERE',space only,wide gold band around the full edge,high,,research/images/primary/DE.jpg
FL,312351db9de0,,FL,FL June 2022 – April 2023 ; FL June 2024 – present,"The MyFlorida.com design again, its dark green header, pale state-outline watermark and central orange-blossom cluster consistent with the state's other recent issues, embossed serial split by the graphic at centre.",white with a pale sea-green Florida-outline watermark behind the serial,dark green,embossed,bold sans with flat terminals and a fully closed 3,MYFLORIDA.COM,,pale green silhouette of Florida behind the serial; two oranges with leaves and white blossoms centred on the state outline,the orange-blossom graphic itself,none,high,"A county name is printed at the bottom, but it names the issuing county rather than the plate design and is not part of the fixed artwork.",research/images/primary/FL.jpg
GA,e3882e079174,,GA,GA May 2012 – present,"The current plain Georgia plate: ""GEORGIA"" in tall black serif across the top over a light grey field, with no slogan and a single realistic peach with a leaf sitting between the serial groups. The embossed black serial fills most of the width, and a county-name strip closes the bottom.",flat light grey,black,embossed,tall bold sans with flat terminals,GEORGIA,,"single realistic peach with a green leaf, between the serial groups",the peach graphic itself,none,high,"A county name is printed at the bottom, but it names the issuing county rather than the plate design and is not part of the fixed artwork.",research/images/primary/GA.jpg
HI,563eeedcb58f,,HI,HI 2025–present,"A clean white Hawai'i plate with a soft, full-width rainbow arcing behind the serial in red, orange, yellow and blue. ""HAWAI'I"" sits in bold black capitals above the arc, and ""ALOHA STATE"" closes the bottom in the same bold black.",flat white with a soft multicolour rainbow arc behind the serial,black,screened,bold sans capitals with flat terminals,HAWAI'I,ALOHA STATE,"soft rainbow arc in red, orange, yellow and blue spanning the full width behind the serial",space only,none,high,"All-letter/all-zero sample serial, so finish (embossed vs screened) is inferred from the flat, even rendering rather than confirmed raised metal.",research/images/primary/HI.jpg
IA,4c84de7eb5d1,,IA,IA April 2018 – present,"A painterly Iowa plate built around a stylised city skyline in white silhouette against a blue sky, a small wind turbine standing among the buildings. ""IOWA"" is set in bold white block letters into the blue band, the black embossed serial fills the white middle field, and a green horizon with the county name closes the bottom.","banded — blue sky with a white skyline silhouette at top, white middle field, green ground at bottom",black,embossed,"bold hand-drawn-looking sans with uneven, slightly irregular strokes",IOWA,,white city-skyline silhouette with a wind turbine across the top band; green ground band at the bottom,space only,none,medium,"A county name is printed at the bottom, but it names the issuing county rather than the plate design and is not part of the fixed artwork. The lettering has an uneven, almost hand-painted quality that could also reflect image compression.",research/images/primary/IA.jpg
ID,c863675dca44,,ID,ID December 2020 – present,"A promotional Idaho specialty plate celebrating the state's potato crop: a red band across the top reads ""World IDAHO Famous"" in white script and serif, above a hand-drawn baked potato with a pat of butter at the left. A snow-capped mountain range and tree line run along the bottom in pale blue and dark blue, with ""Potatoes"" closing the plate in white script.","banded — red at top, white through the middle, blue mountain-and-forest scene at the bottom",black,screened,bold plain sans capitals,World IDAHO Famous,Potatoes,illustrated baked potato with melting butter at the left; snow-capped mountain range and dark forest tree line across the bottom,space only,none,medium,This is a promotional specimen image whose sample text ('BUTTER') stands in for a serial rather than showing one; the finish (embossed vs screened) can't be confirmed from flat artwork.,research/images/primary/ID.jpg
IL,12a764c85e6f,,IL,IL 2017 ; IL 2024,"Illinois's skyline plate: a sky-blue gradient field carrying a grey Chicago skyline silhouette low across the middle, tall buildings and the Willis Tower's antennae rising into the word ""ILLINOIS"" at the top. The embossed serial sits in deep red over the skyline, and ""LAND OF LINCOLN"" closes the bottom in navy.","vertical gradient — deep blue at top fading to pale blue lower down, with a grey city-skyline silhouette across the middle",deep red,embossed,bold sans with flat terminals and a fully closed 3,ILLINOIS,LAND OF LINCOLN,"grey Chicago skyline silhouette spanning the width, with a faint portrait bust ghosted into the left edge",space only,none,high,,research/images/primary/IL.jpg
IN,b3c603adb2f2,,IN,IN 2017,"An Indiana plate built as a small landscape scene: a pale blue sky with soft white clouds at the top, a red covered bridge crossing a blue stream at the centre, and dark green pine trees framing both edges. ""INDIANA"" arches across the top in bold navy serif, the embossed navy serial spans the sky above the bridge, and a small recycling symbol sits at the lower left opposite a boxed county number.","full-bleed landscape scene — pale blue sky with clouds, a red covered bridge over a stream, green pine trees at both edges",navy,embossed,bold serif capitals with sharp terminals,INDIANA,,red covered bridge crossing a blue stream at centre; pine trees along both edges; small white recycling symbol at lower left,space only,none,high,"A boxed county number sits at the lower right, but it identifies the issuing county rather than the plate design and is not part of the fixed artwork.",research/images/primary/IN.jpg
KS,c855f04273da,"the 'To the Stars' design issued from August 2024; the agency serves it as a flat PNG from a bare img/ path, which the earlier JS-rendered page did not expose",KS,"KS August 19, 2024 - Present","Kansas going up rather than across: a vertical gradient from dusty blue at the top through white to a warm gold at the bottom, framed by a dark grey border cut into the shape of the state itself, notched along the top right where the Missouri River runs. The Statehouse dome rises from the bottom left corner with the Ad Astra archer drawing his bow on top of it. ""KANSAS"" is set in grey capitals at the top and ""to the stars"" in a grey script along the bottom.","vertical gradient, dusty blue at the top through white in the middle to warm gold at the bottom",black,screened,"very tall, narrow sans-serif capitals and figures, flat terminals, nearly full plate height; the Q carries a straight angled tail",KANSAS,to the stars,"dark grey silhouette of the Kansas Statehouse dome rising from the bottom left with the Ad Astra archer statue drawing a bow on top; a dark grey border cut to the outline of the state, notched at the top right for the Missouri River",,dark grey band cut to the outline of Kansas,high,A state-agency sample rendering rather than a photograph of an issued plate.,research/images/primary/KS.jpg
KY,d5bb6a64c2cd,,KY,KY August 2021 – present,"The current Kentucky plate, simplified from earlier issues: ""BLUEGRASS STATE"" in small navy capitals over ""KENTUCKY"" in bold block letters, with no horse graphic. A thin blue outline of the state sits to the left of the embossed navy serial, and the design keeps the same cream-to-blue vertical gradient as its predecessors.",vertical gradient — white at top fading to cyan-blue at the bottom,navy,embossed,bold sans with flat terminals and a fully closed 5,BLUEGRASS STATE KENTUCKY,,"thin navy outline of the state, to the left of the serial",space only,none,high,"A county name is printed in a blue banner at the bottom, but it names the issuing county rather than the plate design and is not part of the fixed artwork.",research/images/primary/KY.jpg
LA,43f4e890e462,"specialty: the current-tagged row is a semiquincentennial commemorative (shield badge, not the pelican); this is the newest photo of the standard design",LA,"LA May 2016 – December 31, 2024","The Louisiana pelican plate on a warm cream-to-white gradient, the bird rendered in soft grey standing on a post between the embossed black serial groups. ""Louisiana"" runs in red cursive across the top, and ""Sportsman's Paradise"" closes the bottom in matching red script.",vertical gradient — white at top warming to cream at the bottom,black,embossed,bold sans with flat terminals and a fully closed 8,Louisiana,Sportsman's Paradise,"grey brown pelican standing on a post, at the right of the serial",the pelican graphic itself,none,high,,research/images/primary/LA.jpg
MA,4d2e32d7cfbd,,MA,MA 1993–present ; MA 1993–present ; MA 1993–present ; MA 1993–present ; MA 1993–present ; MA 1993–present ; MA 1993–present ; MA 1993–present,"The long-running Massachusetts plate: ""Massachusetts"" in blue script across the top, an embossed red serial running the full width with no separator, and ""The Spirit of America"" closing the bottom in the same blue script beneath a thin dividing line.",flat reflective white,red,embossed,bold sans with flat terminals and a fully closed 8,Massachusetts,The Spirit of America,,space only,none,high,,research/images/primary/MA.jpg
MB,ffa8485d6307,,MB,"MB late 2012 – present ; MB February 25, 2013 – present","A landscape-scene Manitoba plate: pale sky fading into green pine forest along both edges, a winding river and golden prairie grass across the bottom. ""Friendly Manitoba"" runs in blue script and serif across the top beside a small black bison silhouette, and the embossed navy serial sits over the pale sky at centre.","full-bleed landscape scene — pale sky, green pine forest at both edges, a winding river over golden prairie grass at the bottom",navy,embossed,bold sans with flat terminals and a fully closed 9,Friendly Manitoba,,small black bison silhouette at upper right; pine forest along both edges; winding river through golden prairie grass across the bottom; small red maple leaf beside the wordmark,space only,none,high,,research/images/primary/MB.jpg
MD,71ff9729d86d,,MD,"MD September 26, 2016 – present","The current Maryland plate drops the state shield for a bold rendering of Maryland's own flag, its black-and-gold checkered quarters and red-and-white cross-bottony quarters running the full width behind the serial like a ribbon. ""Maryland"" sits above it in a light red script, and the embossed black serial reads directly over the flag artwork.","white, with the black-gold-red-white Maryland state flag rendered as a ribbon across the lower half",black,embossed,"tall condensed sans with flat terminals and a fully closed, oval 0",Maryland,,Maryland state flag — black-and-gold checkered quarters and red-and-white cross-bottony quarters — rendered as a full-width ribbon across the lower half,space only,none,high,,research/images/primary/MD.jpg
ME,90f5792d92cb,,ME,"ME May 1, 2025 – present","The current Maine plate: plain white sheeting inside a navy keyline, ""MAINE"" in bold green capitals at the top and ""VACATIONLAND"" in the same green closing the bottom. The serial has no colour graphic dividing it, and small navy ""MONTH""/""YEAR"" sticker boxes sit at the top corners.",flat white,navy,embossed,tall bold sans with flat terminals,MAINE,VACATIONLAND,navy 'MONTH'/'YEAR' sticker boxes at the top corners,space only,thin navy keyline,medium,"An official specimen plate whose serial reads 'SAMPLE' with a dashed outline echo behind it, rather than a real registration; the doubled lettering is a template artefact, not part of the issued design.",research/images/primary/ME.jpg
MI,051c9a891427,,MI,MI April2013–present,"A white Michigan plate with ""PURE MICHIGAN"" across the top, the capital M drawn as a flowing script letter distinct from the rest of the wordmark. The embossed serial is blue, and a solid blue wave sweeps across the bottom third of the plate carrying ""michigan.org"" in white.","white, with a solid blue wave-shaped band across the bottom third",blue,embossed,"bold sans with flat terminals and a fully closed, wide 9",PURE MICHIGAN,michigan.org,blue wave-shaped band across the bottom third of the plate,space only,none,high,,research/images/primary/MI.jpg
MN,e0665da4a77b,,MN,MN September 2017 – present,"The current Minnesota lakeshore plate, ""EXPLORE Minnesota.com"" across the top band over the canoe-and-pine-tree scene, embossed black serial divided by the small navy state outline, and ""10,000 lakes"" closing the bottom — visually consistent with the design's earlier issues.","banded — sky blue with a lakeshore, canoe and pine-tree silhouette across the top, white field below",black,embossed,tall bold sans with flat terminals,EXPLORE Minnesota.com,"10,000 lakes","lakeshore scene with a small canoe and two paddlers, and a dark green pine-tree silhouette, across the top band; small navy silhouette of the state dividing the serial",the state-outline device itself,none,high,,research/images/primary/MN.jpg
MO,16840b69ef65,"specialty: the current-tagged row is a statehood-bicentennial commemorative (wave rules, no bluebird); this is the newest photo of the standard design",MO,"MO June 16, 2008 – October 14, 2018","A Missouri plate built around a navy outline of the state itself, filled with a pale sky-to-water gradient and a small bluebird perched on a blossoming branch at the base. ""Missouri"" sits in bold blue serif above ""SHOW ME STATE"" in small black capitals, with the embossed blue serial running either side of the state-shape graphic.",flat reflective white,blue,embossed,bold sans with flat terminals and a fully closed 7,Missouri SHOW ME STATE,,"navy outline of the state of Missouri, filled with a pale sky-and-water gradient, with a bluebird on a blossoming branch at its base",the state-shape graphic itself,none,high,,research/images/primary/MO.jpg
MS,b9a825d8677f,,MS,MS January 2024 – present,"The current Mississippi plate: plain white sheeting, ""MISSISSIPPI"" set in an ornate serif with a decorative flourish beneath it, and a dark circular badge at centre holding a white magnolia blossom. The embossed serial is navy on either side of the badge, with a county name closing the bottom.",flat reflective white,navy,embossed,bold sans with flat terminals and a fully closed 2,MISSISSIPPI,,"dark circular badge holding a white magnolia blossom, dividing the serial; decorative flourish beneath the top legend",the magnolia badge itself,none,medium,"A county name is printed at the bottom, but it names the issuing county rather than the plate design and is not part of the fixed artwork. The photograph has a slight blur that softens fine typographic detail.",research/images/primary/MS.jpg
MT,0116da0a6130,,MT,MT 2012–present,"Montana's mountain-skyline plate: a jagged blue-and-orange ridgeline sits beneath ""MONTANA"" in bold white capitals over a pale sky, with a thin rainbow-coloured rule running the width. A small blue bull-skull icon divides the embossed dark serial, a thin outline of the state runs along the bottom, and ""Big Sky"" appears in blue script at the lower right.","banded — pale blue sky with a jagged mountain-ridge silhouette across the top, white field below",dark grey,embossed,tall condensed sans with flat terminals and a fully closed 8,MONTANA,Big Sky,"jagged mountain-ridge silhouette with a thin rainbow-coloured rule beneath it, across the top; small blue bull-skull icon dividing the serial; thin outline of the state along the bottom edge",the bull-skull icon itself,none,high,,research/images/primary/MT.jpg
NB,08af175372a4,,NB,NB 2011–present,"A white New Brunswick plate with a soft blue-and-gold sky wash across the top, a small red sailing-ship logo above ""New Brunswick"" in bilingual English/French serif, and ""CANADA"" closing that header in small capitals. The embossed serial is deep red, running the full width with no dividing mark.","white, with a soft blue-and-gold sky-wash arc across the top",deep red,embossed,bold sans with flat terminals and a fully closed 7,New Brunswick CANADA,,small red sailing-ship logo above the wordmark; soft blue-and-gold sky-wash arc across the top,space only,none,high,,research/images/primary/NB.jpg
NC,1eeaa1b18c2b,obscured: the current 'First in Freedom' design's only photo has an aftermarket backup-camera bracket across the top legend; this is the previous still-street-legal 'First in Flight' design instead,NC,NC October 2009 – December 2010 ; NC December 2010 – present,"North Carolina's Wright Flyer plate refreshed with a cleaner drawing of the biplane in pale blue, banking above ""First in Flight"" in bold red block capitals. Faint blue beach-grass silhouettes line the bottom above ""NORTH CAROLINA"" in red, and the embossed serial is deep blue.","off-white, with faint blue beach-grass silhouettes across the bottom",deep blue,embossed,bold sans with flat terminals and a fully closed 6,First in Flight,NORTH CAROLINA,pale blue Wright Flyer biplane banking across the top; faint blue beach-grass silhouettes across the bottom,embossed dash,none,high,,research/images/primary/NC.jpg
ND,8ee242aa05c6,,ND,ND November 2016 – present,"A North Dakota plate built as a badlands sunset scene: a pale blue sky graduating down through orange to a dark rocky horizon, with a bison standing at the lower right. ""LEGENDARY"" sits in small dark serif above ""NORTH DAKOTA"" in bold orange-brown capitals, the embossed black serial spans the sky, and ""PEACE GARDEN STATE"" closes the bottom in white over the dark horizon band.","full-bleed sunset scene — pale blue sky graduating to orange, dark rocky horizon at the bottom",black,embossed,bold sans with flat terminals and a fully closed 8,LEGENDARY NORTH DAKOTA,PEACE GARDEN STATE,bison silhouette standing at the lower right; dark rocky badlands horizon across the bottom,space only,none,high,,research/images/primary/ND.jpg
NE,f67ce1a8456c,,NE,NE January 2023 – present ; NE January 2023 – present,"The current Nebraska plate on pale silver-grey sheeting, faintly ghosted with a mythic scene of a robed figure, a leaping horse, sweeping clouds and a lone star — barely visible except at an angle. ""NEBRASKA"" sits in muted violet-grey serif across the top, and the embossed navy serial reads plainly over the watermark.","pale silver-grey with a faint ghosted illustration — a robed figure, a leaping horse, clouds and a star — visible only at an angle",navy,embossed,bold sans with flat terminals and a fully closed 2,NEBRASKA,,"faint ghosted illustration of a robed figure beside a leaping horse, sweeping clouds and a small star, visible as a subtle watermark across the whole plate",embossed dash,thin grey keyline,medium,The watermark illustration is only faintly visible in flat lighting; its full detail would show more clearly at a raking angle.,research/images/primary/NE.jpg
NH,945f8a19005f,,NH,NH January 1999 – present ; NH January 1999 – present,"The modern New Hampshire plate keeps ""LIVE FREE OR DIE"" across the top, but adds a faint grey profile watermark of the Old Man of the Mountain rock formation ghosted behind the embossed green serial. ""New"" appears in a flowing green script above ""HAMPSHIRE"" in serif capitals at the bottom.",flat white with a faint grey Old Man of the Mountain profile watermarked behind the serial,dark green,embossed,bold sans with flat terminals and a fully closed 9,LIVE FREE OR DIE,New HAMPSHIRE,"faint grey watermark of the Old Man of the Mountain rock-face profile, behind the centre of the serial",space only,none,high,,research/images/primary/NH.jpg
NJ,4c37e97be1e2,,NJ,NJ April 2014,"The current New Jersey plate on a cream field, ""New Jersey"" in bold black serif across the top and a small solid black silhouette of the state dividing the embossed serial. ""Garden State"" closes the bottom in matching serif.",flat cream,black,embossed,bold slab serif with flat terminals,New Jersey,Garden State,"small solid black silhouette of the state of New Jersey, dividing the serial",the state-outline device itself,none,high,,research/images/primary/NJ.jpg
NL,8f432cc67308,"obscured: the current (Nov 2025-present) design's only photo is small and blurred; this is the design it replaced, still street-legal and cleanly photographed",NL,NL April 2007 – December 2021 January 2023 – November 2025,"A white Newfoundland & Labrador plate with the embossed serial in deep blue, and a small orange pitcher-plant flower logo above ""Newfoundland / Labrador"" set on two stacked lines rather than a single line, closing the bottom.",flat white,deep blue,embossed,bold sans with flat terminals and a fully closed 3,,Newfoundland Labrador,small orange pitcher-plant flower logo above the wordmark,space only,none,high,,research/images/primary/NL.jpg
NM,41eb7ccebc9f,,NM,NM 2016–present,"New Mexico's standard plate: a saturated turquoise field inside a yellow keyline, ""LAND OF ENCHANTMENT"" in yellow across the top. The embossed serial is yellow, split by the red-and-yellow Zia sun symbol, and ""NEW MEXICO USA"" closes the bottom in pale grey.",flat saturated turquoise,yellow,embossed,"bold condensed sans with flat terminals and a fully closed, oval 0",LAND OF ENCHANTMENT,NEW MEXICO USA,Zia sun symbol — four groups of four yellow rays around a red disc — dividing the serial,the Zia sun symbol itself,thin yellow keyline,high,,research/images/primary/NM.jpg
NS,875236c63443,,NS,NS 2011–present,"A white Nova Scotia plate with ""NOVA SCOTIA"" in bold blue capitals across the top and a pale blue schooner under full sail dividing the embossed blue serial. ""CANADA'S OCEAN PLAYGROUND"" closes the bottom in the same blue.",flat reflective white,blue,embossed,"tall condensed sans with flat terminals and a fully closed, oval 4",NOVA SCOTIA,CANADA'S OCEAN PLAYGROUND,"pale blue schooner under full sail, dividing the serial",the schooner illustration itself,none,high,,research/images/primary/NS.jpg
NT,5eebab811335,,NT,NT 2010–present,"Northwest Territories' distinctive plate, its whole shape cut into a walking polar bear silhouette rather than a rectangle, filled with a pale blue Arctic sky-and-mountain scene. ""SPECTACULAR"" runs in dark blue capitals above the embossed navy serial, with a small tree line and a second, smaller bear silhouette along the bottom edge, and ""NORTHWEST TERRITORIES"" closing beneath.","pale blue Arctic sky-and-mountain scene, the plate's own shape cut into a walking polar bear silhouette",navy,embossed,bold sans with flat terminals and a fully closed 8,SPECTACULAR,NORTHWEST TERRITORIES,"small tree line and a second, smaller bear silhouette along the bottom edge; the plate's physical shape is cut into a walking polar bear",space only,none,high,,research/images/primary/NT.jpg
NU,47a5694250d4,,NU,NU July 2012 ; NU August 2025,"A Nunavut plate built around a swirling aurora borealis in purple, green and pink across the top, a polar bear walking at the centre and a stone inukshuk figure at the right on a snowy blue field. The embossed black serial spans the width, and ""Nunavut"" appears in small syllabics above the English word, in place of a bracketing top or bottom legend.","full-bleed Arctic scene — swirling purple-green-pink aurora across the top, snowy blue field below",black,embossed,bold sans with flat terminals and a fully closed 0,,Nunavut,swirling aurora borealis across the top; white polar bear walking at centre; stone inukshuk figure at the right,the polar bear illustration itself,none,high,"Nunavut's wordmark is set in Inuktitut syllabics above the English 'Nunavut', which cannot be transcribed here.",research/images/primary/NU.jpg
NV,12435930ee06,,NV,"NV November 1, 2016 – early 2024 ; NV November 1, 2016 – early 2024 ; NV March 2024 – present ; NV March 2024 – present","A Nevada plate with a low-poly geometric mountain range in green, gold and orange faceted shapes across the bottom, set against a plain sky-blue field. ""NEVADA"" sits in bold black serif across the top, the embossed black serial runs above the mountains, and ""Home Means Nevada"" closes the bottom in the same black.","flat sky blue, with a low-poly faceted mountain range in green, gold and orange across the bottom",black,embossed,bold slab serif with flat terminals,NEVADA,Home Means Nevada,"low-poly faceted mountain range in green, gold and orange, across the bottom",small embossed diamond,none,high,,research/images/primary/NV.jpg
NY,5fc0b85390e4,,NY,NY June 2020 – present,"A New York plate framing a skyline vignette along the bottom: Niagara Falls at the left and the Manhattan skyline with the Statue of Liberty at the right, pale grey-blue against cream sheeting. ""NEW YORK"" runs in bold serif across the top between thin gold-and-black rules, and a small black silhouette of the state divides the embossed navy serial.","cream, with a pale grey-blue landscape vignette — Niagara Falls at the left, the Manhattan skyline and Statue of Liberty at the right — along the bottom",navy,embossed,tall bold sans with flat terminals,NEW YORK,,Niagara Falls silhouette at the lower left; Manhattan skyline with the Statue of Liberty at the lower right; thin gold-and-black rules bracketing the top legend; small black silhouette of the state dividing the serial,the state-outline device itself,none,medium,"The word 'SCHOOL' printed beneath the serial marks this as a school-bus registration class rather than a passenger plate, and is not part of the general design.",research/images/primary/NY.jpg
OH,8f8190344ff8,,OH,"OH December 29, 2021 – present","The plain gold Ohio plate, ""OHIO"" in bold red capitals across the top and the embossed serial in matching red, with rounded oval-styled digits and no slogan or graphic anywhere on the design.",flat saturated gold-yellow,red,embossed,"bold sans with distinctly rounded, oval-shaped digits",OHIO,,,space only,none,high,"An all-zero specimen serial, so only the digit shapes are shown; no letters appear on this particular image.",research/images/primary/OH.jpg
OK,0c6b68ae7c23,,OK,OK September 2024 –Present,"A bold red Oklahoma plate inside a navy border, ""OKLAHOMA"" in large white capitals with a distinctive wavy baseline across the top. A navy-outlined star with '46' at its centre — the year of statehood — divides the embossed white serial, and ""IMAGINE THAT"" closes the bottom beside a small flower device. A silhouette skyline of landmarks and figures runs along the very bottom edge.",flat saturated red,white,embossed,"bold rounded sans with a distinctive wavy, uneven baseline",OKLAHOMA,IMAGINE THAT,"navy-outlined white star with '46' at its centre, dividing the serial; small flower device beside the bottom legend; silhouette of landmarks, wind turbines and figures along the bottom edge",the star device itself,solid navy band around the full edge,high,,research/images/primary/OK.jpg
ON,d252f912e202,"reverted pick: this was 960c92a2c948, the blue 2020 'A Place to Grow' plate, on the theory that the source's is_current flag had been merged onto the wrong row. It had not. Ontario pulled the blue plate before general issue over night-visibility failures and went back to the white one, which is why the source reads '1997-2020; 2020-present' — a design that stopped and resumed, recorded correctly. The white plate with the crown is what is actually on the road",ON,ON 1997–20202020–present,"A silver-white Ontario plate, ""Ontario"" in blue script across the top and a small crown dividing the embossed blue serial, ""YOURS TO DISCOVER"" closing the bottom — the design's long-running standard treatment on a slightly more reflective sheeting.","silver-white, reflective",blue,embossed,bold sans with flat terminals and a fully closed 9,Ontario,YOURS TO DISCOVER,"small blue crown, dividing the serial",the crown device itself,none,high,,research/images/primary/ON.jpg
OR,3f26796c7d5a,,OR,OR February 2004 – present,"The current Oregon plate: a pale lavender-grey mountain silhouette rises behind a plain sky-blue field, a tall green Douglas fir standing at the centre dividing the embossed navy serial. ""Oregon"" runs in bold navy script across the top, and a low tree-line silhouette runs along the bottom.","banded — pale sky blue at top with a lavender-grey mountain silhouette, fading toward the bottom",navy,embossed,tall bold sans with flat terminals,Oregon,,"pale lavender-grey mountain silhouette across the top; tall green Douglas fir tree at centre, dividing the serial; low dark tree-line silhouette across the bottom",the fir tree illustration itself,none,high,,research/images/primary/OR.jpg
PA,0215376e674d,,PA,PA June 2017 – present,"The current Pennsylvania plate: a solid blue band across the top holds ""PENNSYLVANIA"" in white and a small white outline of the state's shape at the left corner. The embossed navy serial fills a white middle field, divided by a small blue keystone, and a gold band closes the bottom with ""visitPA.com"" in navy.","banded — solid blue at top, white through the middle, gold at the bottom",navy,embossed,"tall condensed sans with flat terminals and a fully closed, oval 0",PENNSYLVANIA,visitPA.com,small white outline of the state's shape at the upper left; small blue keystone dividing the serial,the keystone device itself,none,high,,research/images/primary/PA.jpg
PE,08e4d27077ee,language: 7a84d5eeea26 is the identical design in French; kept the English rendering,PE,PE 2022–present,"A white Prince Edward Island specimen plate framed by a green keyline, ""PRINCE EDWARD ISLAND"" in bold green capitals across the top. The provincial coat of arms — a gold lion on red above three oak saplings on green ground — divides the embossed green serial, with a small Canadian flag at the lower left and ""CANADA"" closing the bottom.",flat white,green,embossed,bold sans with flat terminals,PRINCE EDWARD ISLAND,CANADA,"provincial coat of arms — a gold lion on a red field above three oak saplings on green ground, within a shield — dividing the serial; small Canadian flag at the lower left",the coat of arms shield itself,thin green keyline,high,,research/images/primary/PE.jpg
PR,414748104b35,,PR,PR December 2007 – February 2023 ; PR March 2023 – present,"The Puerto Rico plate rebuilt as a full photographic scene: a stone sentry tower and fortress wall stand against a pale sky and sea horizon, the embossed black serial split by the tower itself. ""PUERTO RICO"" runs across the top and ""ISLA DEL ENCANTO"" closes the bottom, with a small web address at the lower right.",full-bleed photographic scene — stone fortress wall and sentry tower against a pale sky and sea,black,embossed,bold sans with flat terminals,PUERTO RICO,ISLA DEL ENCANTO,"photographic stone sentry tower (garita) and fortress wall against sky and sea, dividing the serial",the sentry-tower photograph itself,none,high,,research/images/primary/PR.jpg
QC,6f9aaae6b124,,QC,"QC September 15, 2023 – Present","A blank Québec specimen plate showing the design without a serial: white sheeting inside a navy keyline, the navy fleur-de-lis square beside ""Québec"" across the top, and ""Je me souviens"" closing the bottom.",flat white,navy,embossed,bold sans with flat terminals,Québec,Je me souviens,"small navy square containing a white fleur-de-lis, beside the top legend",space only,thin navy keyline,medium,"A blank specimen template with no serial rendered, used here to show the design's layout rather than an issued plate.",research/images/primary/QC.jpg
RI,ab165863cd2d,,RI,RI 2023–present,"A specimen Rhode Island plate on a pale sky-blue field, a small navy anchor beside ""Rhode Island"" in elegant navy serif across the top. Pale blue rolling waves run along the bottom, and ""Ocean State"" closes in navy script.","pale sky blue, with pale blue rolling waves across the bottom",navy,embossed,tall serif with sharp terminals,Rhode Island,Ocean State,small navy anchor beside the top legend; pale blue rolling wave silhouettes across the bottom,space only,none,medium,A specimen graphic using the placeholder serial '123 456' rather than a photograph of an issued plate.,research/images/primary/RI.jpg
SC,6b24d8076eae,"the January 2026 Revolutionary War design, from SCDMV's own artwork; the article gives that row no design description, so this is checked against the SC250 Commission's published design rather than the row's words",SC,SC January 2026 – present,"A plain white plate given over almost entirely to type and one small painting. A Continental soldier in a blue coat plants the blue Moultrie flag — crescent and the word ""LIBERTY"" — against a red and white ground in a square panel to the left of the serial. ""Where the Revolutionary War Was Won"" runs across the top in a serif face under a blue rule, with a red rule below it, and ""South Carolina"" is set large across the bottom.",flat white,black,screened,heavy condensed sans-serif figures and capitals for the serial; the legends are in a bracketed serif with strong thick-thin contrast,Where the Revolutionary War Was Won,South Carolina,"square panel at the left holding a Continental soldier in a blue coat and white breeches planting the blue Moultrie flag, which carries a white crescent and the word LIBERTY, against a red ground with white stars and a white band; thin blue rule across the top edge and a red rule beneath the slogan",,thin blue rule at the top and a red rule under the slogan; no full keyline,medium,"SCDMV production artwork rather than a photograph — the sticker box and bolt-hole circles are part of the print file, not the design, and the article gives this row no written description to check against.",research/images/primary/SC.jpg
SD,4c332dc8bed6,,SD,SD January 2023 – present,"A South Dakota plate photographing Mount Rushmore itself, the four carved presidents rendered in full colour stone tones against a blue sky. ""SouthDakota"" runs in red script across the top beside ""GREAT FACES. GREAT PLACES."" in navy, and the embossed black serial spans the carved rock.",full-bleed photographic Mount Rushmore scene — carved presidential faces in stone against a blue sky,black,embossed,bold sans with flat terminals,SouthDakota GREAT FACES. GREAT PLACES.,,"full-colour photographic rendering of the Mount Rushmore carved presidential faces, spanning the plate",space only,none,high,,research/images/primary/SD.jpg
SK,8eac211a55b4,,SK,SK early 2009 – present,"A white Saskatchewan plate with ""Saskatchewan"" in green serif across the top, three golden wheat stalks with a small boxed vehicle-class number dividing the embossed green serial, and ""Land of Living Skies"" closing the bottom in matching green script.",flat off-white,green,embossed,bold sans with flat terminals and a fully closed 4,Saskatchewan,Land of Living Skies,"three golden wheat stalks with heads, dividing the serial",the wheat-stalk illustration itself,none,high,"A small boxed number ('28') sits beneath the wheat graphic, but it denotes a vehicle-class or municipality code rather than being part of the fixed design.",research/images/primary/SK.jpg
TN,aa7c9beb08e8,,TN,"TN November 16, 2023 – present","The current Tennessee plate's blank specimen again, solid navy with ""TENNESSEE"" inside the white state-outline arc and ""THE VOLUNTEER STATE"" at the upper left. The tri-star emblem sits at centre, and ""IN GOD WE TRUST"" is set in white beneath it in place of a serial.",solid navy,white,embossed,bold sans with flat terminals,THE VOLUNTEER STATE TENNESSEE,IN GOD WE TRUST,white outline of the state's shape framing the top legend; tri-star emblem — three white stars in a red-ringed navy circle — at centre,the tri-star emblem itself,thin white keyline,medium,"A blank specimen template with no serial rendered, used here to show the design's layout rather than an issued plate.",research/images/primary/TN.jpg
TX,0962884afa99,,TX,TX July2012 – present,"The current Texas plate: plain white sheeting, a black five-pointed star outlined in white at the upper left, ""TEXAS"" in bold black capitals across the top. A small black silhouette of the state divides the embossed serial, and ""The Lone Star State"" closes the bottom in italic script.",flat white,black,screened,very large bold sans with flat terminals,TEXAS,The Lone Star State,"black five-pointed star outlined in white, at the upper left; small black silhouette of the state dividing the serial",the state-outline device itself,none,high,,research/images/primary/TX.jpg
UT,b37838dfda2d,,UT,UT March 2023 – December 2024 ; UT January 2025 – present,"The current Utah arch plate again, the same pale blue sky, desert bands and orange sandstone arch dividing the embossed navy serial, ""UTAH"" across the top in black-outlined capitals and ""LIFE ELEVATED"" closing the bottom.","banded landscape — pale blue sky at top, white and tan desert bands at the bottom",navy,embossed,bold sans with flat terminals,UTAH,LIFE ELEVATED,"large orange sandstone natural arch (Delicate Arch) rising at centre, dividing the serial",the sandstone arch illustration itself,none,high,,research/images/primary/UT.jpg
VA,0770392654b9,,VA,VA March 2014 – present,"The current Virginia plate: plain white sheeting, ""VIRGINIA"" in bold blue serif across the top, the embossed navy serial split by a dash. ""VIRGINIA IS FOR LOVERS"" closes the bottom in black beside a small red heart, with ""Virginia.org"" beneath it.",flat white,navy,embossed,tall bold serif with sharp terminals,VIRGINIA,VIRGINIA IS FOR LOVERS Virginia.org,small red heart within the bottom legend,embossed dash,none,high,,research/images/primary/VA.jpg
VT,b762d8762f80,,VT,"VT January 1, 1990 – present","The long-running Vermont plate: a solid green band across the top and bottom bracket a plain green field, ""Vermont"" in white serif beside a small white sugar-maple tree icon at the top. The embossed serial reverses to white-on-green, and ""Green Mountain State"" closes the bottom in white.","solid green, with a plain green field for the serial",white,embossed,bold sans with flat terminals and a fully closed 4,Vermont,Green Mountain State,small white sugar-maple tree icon at the upper left,space only,none,high,,research/images/primary/VT.jpg
WA,4e4aa1e90ab4,,WA,WA October 2024 – present,"The current Washington plate, a warm cream field with ""WASHINGTON"" in red capitals across the top and a pale blue Mount Rainier silhouette behind the embossed navy serial. ""EVERGREEN STATE"" closes the bottom in maroon.","warm cream, with a pale blue snow-capped mountain silhouette spanning the width",navy,embossed,very large bold sans with flat terminals,WASHINGTON,EVERGREEN STATE,"pale blue snow-capped Mount Rainier silhouette, spanning the width",space only,none,high,,research/images/primary/WA.jpg
WI,536f9e074d94,,WI,WI April 2017 – present,"A Wisconsin plate with ""WISCONSIN"" in bold red capitals across the top beside a small vignette of an orange sunset, two flying birds, green hills and a red barn. The embossed black serial runs the width, and ""America's Dairyland"" closes the bottom in red.",flat white,black,embossed,bold sans with flat terminals and a fully closed 8,WISCONSIN,America's Dairyland,"small vignette at the upper right — an orange sunset, two flying birds, green hills and a red barn with a fence",embossed dash,none,high,,research/images/primary/WI.jpg
WV,a2b855d8ea2f,,WV,WV July 2023 – present,"A blank specimen West Virginia plate, the same navy top band reading ""West Virginia"" in gold with gold rules, a small navy silhouette of the state dividing the serial position, and ""Wild Wonderful"" closing the bottom between gold rules.",flat white,navy,embossed,bold sans with flat terminals,West Virginia,Wild Wonderful,"small navy silhouette of the state, dividing the serial; thin gold rules bracketing the top and bottom legends",the state-outline device itself,none,medium,"A blank specimen template with an all-zero serial, used here to show the design's layout rather than an issued plate.",research/images/primary/WV.jpg
WY,91875c6070bd,,WY,WY June 2024 – present,"Wyoming's state flag wrapped around a licence plate: a deep navy field inside a white inner band and a red outer border, with the whole thing built around the Bucking Horse and Rider. A pale grey bison fills the middle of the plate as a watermark, the state seal sitting on its flank exactly as it does on the flag, and the white silhouette of Steamboat and his rider is printed over the top of it as the county separator. ""WYOMING"" runs across the top in outlined white capitals and ""TRAVELWYOMING.COM"" along the bottom, with the tourism department's script ""That's WY"" logo tucked into the bottom right corner.","deep navy blue centre panel, flat and matte, framed by a white inner band and a red outer border; a large pale grey bison silhouette watermarked across the middle with the state seal on its flank",white,screened,"tall, narrow grotesque capitals and figures with flat terminals and squared-off counters; the zero is a plain rounded rectangle with no slash",WYOMING,TRAVELWYOMING.COM,"white Bucking Horse and Rider silhouette in the centre, standing in for the separator between the county number and the serial; grey bison watermark spanning the middle of the plate with the Wyoming state seal on its flank; script ""That's WY"" logo bottom right; small white ""VALIDATION DECAL HERE"" box top left",the white Bucking Horse and Rider silhouette,red outer border with a white inner band around a navy panel,high,,research/images/primary/WY.jpg
