file,credit,licence,attribution_required,source
1998 Georgia license plate 45702 QF.jpg,Jolomo (talk),CC BY-SA 3.0,true,commons
2006 Florida license plate W71 GJF.jpg,Zulspl8page,CC BY-SA 4.0,true,commons
2009FloridaSunshine.jpg,Jamesashmore,CC BY-SA 4.0,true,commons
2010 Ontario license plate GVAH 823 electric vehicle.png,Denis Vermeirre,CC BY-SA 4.0,true,commons
AB plate D24086.jpg,"Woody1778 from Edmonton, Canada",CC BY-SA 2.0,true,commons
AB10AB006.jpg,Eric710,CC BY-SA 4.0,true,commons
ABA00760.jpg,Eric710,CC BY-SA 4.0,true,commons
ABCCC1507.jpg,Eric710,CC BY-SA 4.0,true,commons
ABT4KW216.jpg,Eric710,CC BY-SA 4.0,true,commons
ABVVS73.jpg,Eric710,CC BY-SA 4.0,true,commons
Alberta 1995 farm truck license plate - 77-B000.jpg,"Woody1778 from Edmonton, Canada",CC BY-SA 2.0,true,commons
Alberta 2014 license plate.jpg,https://www.flickr.com/photos/woodysworld1778/,CC BY-SA 2.0,true,commons
Alberta 2019 - 2020 License Plate AAE-072.jpg,Qsecofr,CC BY-SA 4.0,true,commons
Alberta License Plate Flames.jpg,Calerusnak,CC BY-SA 4.0,true,commons
Alberta Veteran License Plate 2007.jpg,"Jerry ""Woody""",CC BY-SA 2.0,true,commons
Alberta license plate Oilers 2020.jpg,Wikkiwonkk,CC0,false,commons
Alberta-Motorcycle-Plate-ALP84.jpg,Qsecofr,CC BY-SA 4.0,true,commons
"Florida license plate ""Sunshine State"", 2003–2004.gif",State of Florida,Public domain,false,commons
Montana 2010–2016 standard license plate (old font).png,Broz1014,CC BY-SA 4.0,true,commons
MontanaCentennialNewFormat.webp,Cmhudda,CC BY-SA 4.0,true,commons
"New Jersey license plate, 1988.png",State of New Jersey,Public domain,false,commons
Ohio license plate issued to DUI offenders sample.jpg,The original uploader was Jgera5 at English Wikipedia.,Public domain,false,commons
Ontario Historic Vehicle License Plate 1982 base.jpg,Robert T Bell,CC BY 2.0,true,commons
Ontario Historic Vehicle license plate HVX-550.jpg,Robert T Bell,CC BY 2.0,true,commons
Ontario historic vehicle license plate 2h5200.jpg,Denis Vermeirre,CC BY-SA 4.0,true,commons
PEI Berceau de la Confederation Sample License Plate.jpg,"Jerry ""Woody""",CC BY-SA 2.0,true,commons
Tennessee ‘In God We Trust’ variant plate 2022.jpg,PlateNerd,CC BY-SA 4.0,true,commons
TennesseeAutoGod.jpg,,Public domain,false,commons
